File index,Travel time,Path distance,Travel time ratio,Path length ratio,Travel time standard deviation,Computation time
0, 28.0, 25.0, 1.2, 1.05,0.0 0.00782322883605957
1, 26.0, 26.0, 1.0, 1.0,1.0 0.0
2, 22.0, 22.0, 1.0, 1.0,1.0 0.0
3, 23.5, 23.5, 1.0, 1.0,3.5 0.0
4, 24.5, 24.5, 1.0, 1.0,2.5 0.0
5, 21.5, 21.5, 1.0, 1.0,0.5 0.0
6, 28.0, 26.5, 1.1666666666666665, 1.0952380952380953,0.0 0.0
7, 23.0, 23.0, 1.0, 1.0,0.0 0.0
8, 22.5, 22.5, 1.0, 1.0,2.5 0.0
9, 24.5, 24.5, 1.0, 1.0,0.5 0.0
