Travel time,Path distance,Travel time ratio,Path length ratio,Computation time
22.566666666666663,22.533333333333328,1.0039529914529914,1.0025641025641026,0.0
