Travel time,Path distance,Travel time ratio,Path length ratio,Computation time
23.08,23.055,1.002991718426501,1.0018219461697724,0.0004909420013427734
