Travel time,Path distance,Travel time ratio,Path length ratio,Computation time
23.206666666666674,23.173333333333343,1.0026242704155746,1.001057264957265,0.0
