Travel time,Path distance,Travel time ratio,Path length ratio,Travel time standard deviation,Ratio failed instances,Computation time
23.21999999999998,23.136666666666656,1.0087722381991255,1.004929796557371,1.342024845197239,0.0,0.0003397210439046224
