Travel time,Path distance,Travel time ratio,Path length ratio,Travel time standard deviation,Ratio failed instances,Computation time
23.299319727891167,23.191156462585017,1.0097979667584884,1.0048791010678955,1.9354969747571327,0.02,0.0
