Travel time,Path distance,Travel time ratio,Path length ratio,Travel time standard deviation,Ratio failed instances,Computation time
23.193333333333335,23.15466666666667,1.0091520318757996,1.0074266195640107,1.5982313117148919,0.0,0.00040098253885904953
