Travel time,Path distance,Travel time ratio,Path length ratio,Travel time standard deviation,Ratio failed instances,Computation time
23.708666666666684,23.575333333333337,1.028067770718419,1.0220151115776894,1.9187501140908612,0.0,0.0005708268483479817
