Travel time,Path distance,Travel time ratio,Path length ratio,Computation time
23.8,23.625,1.0169160549595333,1.0091003199698851,0.0004542827606201172
