Travel time,Path distance,Travel time ratio,Path length ratio,Computation time
23.39333333333335,23.26666666666667,1.011371081733477,1.0055849773923002,0.0003025166193644206
