Travel time,Path distance,Travel time ratio,Path length ratio,Travel time standard deviation,Ratio failed instances,Computation time
23.32133333333334,23.207999999999995,1.0112147772870117,1.005870443690276,1.451885358931696,0.0,0.00031540266672770186
