Travel time,Path distance,Travel time ratio,Path length ratio,Computation time
22.666666666666664,22.599999999999998,1.0092352092352093,1.0062049062049063,0.0
