Travel time,Path distance,Travel time ratio,Path length ratio,Computation time
23.35,23.3,1.0069264069264068,1.0045454545454544,0.0007810592651367188
